{
    "name": "root",
    "metadata": {
        "timer_format_version": "0.1.0",
        "start_time_seconds": "1762994262",
        "python_version": "3.10.11 (tags/v3.10.11:7d4cc5a, Apr  5 2023, 00:38:17) [MSC v.1929 64 bit (AMD64)]",
        "command_line_arguments": "C:\\Users\\sethr\\Desktop\\Git\\GameAI-Final\\GameAIFinal\\venv\\Scripts\\mlagents-learn --run-id=Test2",
        "mlagents_version": "1.1.0",
        "mlagents_envs_version": "1.1.0",
        "communication_protocol_version": "1.5.0",
        "pytorch_version": "2.2.2+cu121",
        "numpy_version": "1.23.5",
        "end_time_seconds": "1762994308"
    },
    "total": 45.93427039998642,
    "count": 1,
    "self": 0.010823499993421137,
    "children": {
        "run_training.setup": {
            "total": 0.06465099999331869,
            "count": 1,
            "self": 0.06465099999331869
        },
        "TrainerController.start_learning": {
            "total": 45.85879589999968,
            "count": 1,
            "self": 0.00014910000027157366,
            "children": {
                "TrainerController._reset_env": {
                    "total": 45.400089399990975,
                    "count": 1,
                    "self": 45.400089399990975
                },
                "TrainerController.advance": {
                    "total": 0.40328080000472255,
                    "count": 1,
                    "self": 8.000002708286047e-06,
                    "children": {
                        "env_step": {
                            "total": 0.40327280000201426,
                            "count": 1,
                            "self": 0.00011239999730605632,
                            "children": {
                                "SubprocessEnvManager._take_step": {
                                    "total": 0.4031604000047082,
                                    "count": 1,
                                    "self": 2.8299997211433947e-05,
                                    "children": {
                                        "TorchPolicy.evaluate": {
                                            "total": 0.4031321000074968,
                                            "count": 1,
                                            "self": 0.4031321000074968
                                        }
                                    }
                                }
                            }
                        }
                    }
                },
                "TrainerController._save_models": {
                    "total": 0.055276600003708154,
                    "count": 1,
                    "self": 2.4900000425986946e-05,
                    "children": {
                        "RLTrainer._checkpoint": {
                            "total": 0.05525170000328217,
                            "count": 1,
                            "self": 0.05525170000328217
                        }
                    }
                }
            }
        }
    }
}