{
    "name": "root",
    "metadata": {
        "timer_format_version": "0.1.0",
        "start_time_seconds": "1762994892",
        "python_version": "3.10.11 (tags/v3.10.11:7d4cc5a, Apr  5 2023, 00:38:17) [MSC v.1929 64 bit (AMD64)]",
        "command_line_arguments": "C:\\Users\\sethr\\Desktop\\Git\\GameAI-Final\\GameAIFinal\\venv\\Scripts\\mlagents-learn --run-id=test4",
        "mlagents_version": "1.1.0",
        "mlagents_envs_version": "1.1.0",
        "communication_protocol_version": "1.5.0",
        "pytorch_version": "2.2.2+cu121",
        "numpy_version": "1.23.5",
        "end_time_seconds": "1762995017"
    },
    "total": 124.6379031999968,
    "count": 1,
    "self": 0.006853200000477955,
    "children": {
        "run_training.setup": {
            "total": 0.06453360000159591,
            "count": 1,
            "self": 0.06453360000159591
        },
        "TrainerController.start_learning": {
            "total": 124.56651639999473,
            "count": 1,
            "self": 0.0715614006476244,
            "children": {
                "TrainerController._reset_env": {
                    "total": 12.561531600003946,
                    "count": 1,
                    "self": 12.561531600003946
                },
                "TrainerController.advance": {
                    "total": 111.79289929935476,
                    "count": 3605,
                    "self": 0.060435199018684216,
                    "children": {
                        "env_step": {
                            "total": 102.66059350044816,
                            "count": 3605,
                            "self": 81.10755909993895,
                            "children": {
                                "SubprocessEnvManager._take_step": {
                                    "total": 21.507265600143,
                                    "count": 3605,
                                    "self": 0.33748060031211935,
                                    "children": {
                                        "TorchPolicy.evaluate": {
                                            "total": 21.16978499983088,
                                            "count": 3241,
                                            "self": 21.16978499983088
                                        }
                                    }
                                },
                                "workers": {
                                    "total": 0.04576880036620423,
                                    "count": 3604,
                                    "self": 0.0,
                                    "children": {
                                        "worker_root": {
                                            "total": 50.07883339955879,
                                            "count": 3604,
                                            "is_parallel": true,
                                            "self": 36.073839099510224,
                                            "children": {
                                                "steps_from_proto": {
                                                    "total": 0.0004884000081801787,
                                                    "count": 1,
                                                    "is_parallel": true,
                                                    "self": 0.00020150002092123032,
                                                    "children": {
                                                        "_process_rank_one_or_two_observation": {
                                                            "total": 0.0002868999872589484,
                                                            "count": 2,
                                                            "is_parallel": true,
                                                            "self": 0.0002868999872589484
                                                        }
                                                    }
                                                },
                                                "UnityEnvironment.step": {
                                                    "total": 14.004505900040385,
                                                    "count": 3604,
                                                    "is_parallel": true,
                                                    "self": 0.41901149971818086,
                                                    "children": {
                                                        "UnityEnvironment._generate_step_input": {
                                                            "total": 0.7208629999950062,
                                                            "count": 3604,
                                                            "is_parallel": true,
                                                            "self": 0.7208629999950062
                                                        },
                                                        "communicator.exchange": {
                                                            "total": 11.752965899766423,
                                                            "count": 3604,
                                                            "is_parallel": true,
                                                            "self": 11.752965899766423
                                                        },
                                                        "steps_from_proto": {
                                                            "total": 1.1116655005607754,
                                                            "count": 3604,
                                                            "is_parallel": true,
                                                            "self": 0.5324142010213109,
                                                            "children": {
                                                                "_process_rank_one_or_two_observation": {
                                                                    "total": 0.5792512995394645,
                                                                    "count": 7208,
                                                                    "is_parallel": true,
                                                                    "self": 0.5792512995394645
                                                                }
                                                            }
                                                        }
                                                    }
                                                }
                                            }
                                        }
                                    }
                                }
                            }
                        },
                        "trainer_advance": {
                            "total": 9.071870599887916,
                            "count": 3604,
                            "self": 0.11311889969510958,
                            "children": {
                                "process_trajectory": {
                                    "total": 4.7434916001948295,
                                    "count": 3604,
                                    "self": 4.7434916001948295
                                },
                                "_update_policy": {
                                    "total": 4.215260099997977,
                                    "count": 3,
                                    "self": 2.3186942000174895,
                                    "children": {
                                        "TorchPPOOptimizer.update": {
                                            "total": 1.8965658999804873,
                                            "count": 90,