{
    "name": "root",
    "metadata": {
        "timer_format_version": "0.1.0",
        "start_time_seconds": "1762987578",
        "python_version": "3.10.11 (tags/v3.10.11:7d4cc5a, Apr  5 2023, 00:38:17) [MSC v.1929 64 bit (AMD64)]",
        "command_line_arguments": "C:\\Users\\sethr\\Desktop\\Git\\GameAI-Final\\GameAIFinal\\venv\\Scripts\\mlagents-learn",
        "mlagents_version": "1.1.0",
        "mlagents_envs_version": "1.1.0",
        "communication_protocol_version": "1.5.0",
        "pytorch_version": "2.2.2+cu121",
        "numpy_version": "1.23.5",
        "end_time_seconds": "1762987670"
    },
    "total": 92.15674580000632,
    "count": 1,
    "self": 10.009235999998054,
    "children": {
        "run_training.setup": {
            "total": 0.27917180000804365,
            "count": 1,
            "self": 0.27917180000804365
        },
        "TrainerController.start_learning": {
            "total": 81.86833800000022,
            "count": 1,
            "self": 0.042285500137950294,
            "children": {
                "TrainerController._reset_env": {
                    "total": 27.10236590000568,
                    "count": 1,
                    "self": 27.10236590000568
                },
                "TrainerController.advance": {
                    "total": 54.492319199838676,
                    "count": 1734,
                    "self": 0.03481110019492917,
                    "children": {
                        "env_step": {
                            "total": 54.231341899503605,
                            "count": 1734,
                            "self": 46.50586299969291,
                            "children": {
                                "SubprocessEnvManager._take_step": {
                                    "total": 7.698429199910606,
                                    "count": 1735,
                                    "self": 0.12655569984053727,
                                    "children": {
                                        "TorchPolicy.evaluate": {
                                            "total": 7.571873500070069,
                                            "count": 1735,
                                            "self": 7.571873500070069
                                        }
                                    }
                                },
                                "workers": {
                                    "total": 0.027049699900089763,
                                    "count": 1733,
                                    "self": 0.0,
                                    "children": {
                                        "worker_root": {
                                            "total": 42.24646340025356,
                                            "count": 1733,
                                            "is_parallel": true,
                                            "self": 12.472079800019856,
                                            "children": {
                                                "steps_from_proto": {
                                                    "total": 0.0031396000122185796,
                                                    "count": 2,
                                                    "is_parallel": true,
                                                    "self": 0.0010588999866740778,
                                                    "children": {
                                                        "_process_rank_one_or_two_observation": {
                                                            "total": 0.002080700025544502,
                                                            "count": 4,
                                                            "is_parallel": true,
                                                            "self": 0.002080700025544502
                                                        }
                                                    }
                                                },
                                                "UnityEnvironment.step": {
                                                    "total": 29.771244000221486,
                                                    "count": 1733,
                                                    "is_parallel": true,
                                                    "self": 0.1771398000564659,
                                                    "children": {
                                                        "UnityEnvironment._generate_step_input": {
                                                            "total": 0.20453020007698797,
                                                            "count": 1733,
                                                            "is_parallel": true,
                                                            "self": 0.20453020007698797
                                                        },
                                                        "communicator.exchange": {
                                                            "total": 28.82948100026988,
                                                            "count": 1733,
                                                            "is_parallel": true,
                                                            "self": 28.82948100026988
                                                        },
                                                        "steps_from_proto": {
                                                            "total": 0.5600929998181527,
                                                            "count": 1733,
                                                            "is_parallel": true,
                                                            "self": 0.3202152003213996,
                                                            "children": {
                                                                "_process_rank_one_or_two_observation": {
                                                                    "total": 0.23987779949675314,
                                                                    "count": 3466,
                                                                    "is_parallel": true,
                                                                    "self": 0.23987779949675314
                                                                }
                                                            }
                                                        }
                                                    }
                                                }
                                            }
                                        }
                                    }
                                }
                            }
                        },
                        "trainer_advance": {
                            "total": 0.22616620014014188,
                            "count": 1733,
                            "self": 0.0565269997168798,
                            "children": {
                                "process_trajectory": {
                                    "total": 0.16963920042326208,
                                    "count": 1733,
                                    "self": 0.16963920042326208
                                }
                            }
                        }
                    }
                },
                "trainer_threads": {
                    "total": 1.500011421740055e-06,
                    "count": 1,
                    "self": 1.500011421740055e-06
                },
                "TrainerController._save_models": {
                    "total": 0.23136590000649448,
                    "count": 1,
                    "self": 0.019501899994793348,