{
    "name": "root",
    "metadata": {
        "timer_format_version": "0.1.0",
        "start_time_seconds": "1762994434",
        "python_version": "3.10.11 (tags/v3.10.11:7d4cc5a, Apr  5 2023, 00:38:17) [MSC v.1929 64 bit (AMD64)]",
        "command_line_arguments": "C:\\Users\\sethr\\Desktop\\Git\\GameAI-Final\\GameAIFinal\\venv\\Scripts\\mlagents-learn --run-id=test3",
        "mlagents_version": "1.1.0",
        "mlagents_envs_version": "1.1.0",
        "communication_protocol_version": "1.5.0",
        "pytorch_version": "2.2.2+cu121",
        "numpy_version": "1.23.5",
        "end_time_seconds": "1762994575"
    },
    "total": 140.7857759000035,
    "count": 1,
    "self": 0.00513600000704173,
    "children": {
        "run_training.setup": {
            "total": 0.06651699999929406,
            "count": 1,
            "self": 0.06651699999929406
        },
        "TrainerController.start_learning": {
            "total": 140.71412289999716,
            "count": 1,
            "self": 0.03575410017219838,
            "children": {
                "TrainerController._reset_env": {
                    "total": 9.08522439999797,
                    "count": 1,
                    "self": 9.08522439999797
                },
                "TrainerController.advance": {
                    "total": 131.48190639981476,
                    "count": 1705,
                    "self": 0.03126379988680128,
                    "children": {
                        "env_step": {
                            "total": 131.26260310002544,
                            "count": 1705,
                            "self": 124.32593880055356,
                            "children": {
                                "SubprocessEnvManager._take_step": {
                                    "total": 6.912470099850907,
                                    "count": 1705,
                                    "self": 0.11801560000458267,
                                    "children": {
                                        "TorchPolicy.evaluate": {
                                            "total": 6.794454499846324,
                                            "count": 1701,
                                            "self": 6.794454499846324
                                        }
                                    }
                                },
                                "workers": {
                                    "total": 0.024194199620978907,
                                    "count": 1704,
                                    "self": 0.0,
                                    "children": {
                                        "worker_root": {
                                            "total": 69.85697679992882,
                                            "count": 1704,
                                            "is_parallel": true,
                                            "self": 10.426365999941481,
                                            "children": {
                                                "steps_from_proto": {
                                                    "total": 0.0004388999950606376,
                                                    "count": 1,
                                                    "is_parallel": true,
                                                    "self": 0.0002150999935111031,
                                                    "children": {
                                                        "_process_rank_one_or_two_observation": {
                                                            "total": 0.0002238000015495345,
                                                            "count": 2,
                                                            "is_parallel": true,
                                                            "self": 0.0002238000015495345
                                                        }
                                                    }
                                                },
                                                "UnityEnvironment.step": {
                                                    "total": 59.430171899992274,
                                                    "count": 1704,
                                                    "is_parallel": true,
                                                    "self": 0.1480043995397864,
                                                    "children": {
                                                        "UnityEnvironment._generate_step_input": {
                                                            "total": 0.18803860009938944,
                                                            "count": 1704,
                                                            "is_parallel": true,
                                                            "self": 0.18803860009938944
                                                        },
                                                        "communicator.exchange": {
                                                            "total": 58.62587000019266,
                                                            "count": 1704,
                                                            "is_parallel": true,
                                                            "self": 58.62587000019266
                                                        },
                                                        "steps_from_proto": {
                                                            "total": 0.4682589001604356,
                                                            "count": 1704,
                                                            "is_parallel": true,
                                                            "self": 0.2570531998499064,
                                                            "children": {
                                                                "_process_rank_one_or_two_observation": {
                                                                    "total": 0.2112057003105292,
                                                                    "count": 3408,
                                                                    "is_parallel": true,
                                                                    "self": 0.2112057003105292
                                                                }
                                                            }
                                                        }
                                                    }
                                                }
                                            }
                                        }
                                    }
                                }
                            }
                        },
                        "trainer_advance": {
                            "total": 0.18803949990251567,
                            "count": 1704,
                            "self": 0.04750730007071979,
                            "children": {
                                "process_trajectory": {
                                    "total": 0.14053219983179588,
                                    "count": 1704,
                                    "self": 0.14053219983179588
                                }
                            }
                        }
                    }
                },
                "TrainerController._save_models": {
                    "total": 0.11123800001223572,
                    "count": 1,
                    "self": 0.021849500015378,
                    "children": {
                        "RLTrainer._checkpoint": {
                            "total": 0.08938849999685772,
                            "count": 1,